{
    "allowClient": false,
    "conditionSwitch": 1,
    "updateMode": false,
    "commands": [
        [
            18,
            "//------------------------------------------------------------------------------------------------------\n// 当执行场景对象的行为开始前执行的事件\n//------------------------------------------------------------------------------------------------------",
            {
                "___cmdID": "94768687222_0.730375705981108"
            }
        ],
        [
            18,
            "如果是玩家对象，则派发新的行为前暂停奔跑，如果有些地方不需要此功能，可以自行用开关控制",
            {
                "___cmdID": "94768687222_0.3805083711422732"
            }
        ],
        [
            0,
            0,
            4,
            [
                0,
                1,
                1,
                0
            ],
            0,
            4,
            [
                0,
                1,
                1,
                0
            ],
            0,
            [
                1,
                1,
                [
                    0,
                    0,
                    1,
                    1
                ]
            ],
            0,
            0,
            [
                1,
                1
            ],
            "",
            "",
            false,
            null,
            null,
            [
                2,
                {
                    "type": 0,
                    "posMode": 0,
                    "customAttrName": "",
                    "soType": 2,
                    "useVar": 0,
                    "no": 0,
                    "varID": 0
                },
                [
                    {
                        "42657064543_0.724447104540606": 0,
                        "42657260229_0.9459348877505995": 0,
                        "42657330474_0.5456078300460445": "",
                        "42664713486_0.3887133368359288": 2,
                        "42664713486_0.09898355139063386": 0,
                        "42664713486_0.7762137906641664": 0,
                        "42664713486_0.9108713362269023": 0
                    }
                ]
            ],
            [
                2,
                {
                    "type": 0,
                    "posMode": 0,
                    "customAttrName": "",
                    "soType": 0,
                    "useVar": 0,
                    "no": 0,
                    "varID": 0
                },
                [
                    {
                        "42657064543_0.724447104540606": 0,
                        "42657260229_0.9459348877505995": 0,
                        "42657330474_0.5456078300460445": "",
                        "42664713486_0.3887133368359288": 0,
                        "42664713486_0.09898355139063386": 0,
                        "42664713486_0.7762137906641664": 0,
                        "42664713486_0.9108713362269023": 0
                    }
                ]
            ],
            null,
            null,
            0,
            0,
            [
                0,
                {},
                ""
            ],
            [
                0,
                {},
                ""
            ],
            {
                "___cmdID": "94768687222_0.6520510115854397"
            }
        ],
        [
            0,
            1,
            0,
            [
                0,
                1,
                1,
                0
            ],
            0,
            0,
            [
                0,
                1,
                1,
                0
            ],
            1,
            [
                1,
                15001,
                [
                    0,
                    0
                ]
            ],
            1,
            0,
            [
                1,
                1
            ],
            "",
            "",
            false,
            null,
            null,
            null,
            null,
            null,
            null,
            0,
            {
                "___cmdID": "94768687222_0.34156536624245604"
            }
        ],
        [
            0,
            0,
            2,
            [
                0,
                1,
                15007,
                0
            ],
            5,
            0,
            [
                0,
                1,
                1,
                0
            ],
            0,
            [
                1,
                1,
                [
                    0,
                    0
                ]
            ],
            0,
            0,
            [
                1,
                1
            ],
            "",
            "",
            false,
            null,
            null,
            null,
            null,
            null,
            null,
            0,
            {
                "___cmdID": "94768687222_0.6429271138862145"
            }
        ],
        [
            13,
            4,
            15002,
            0,
            0,
            1,
            1,
            1,
            [
                0,
                100
            ],
            0,
            -1,
            [],
            0,
            0,
            0,
            {
                "___cmdID": "94768687222_0.5502302912572192"
            }
        ],
        [
            16,
            15003,
            false,
            {
                "___cmdID": "94768687222_0.22421052134134567"
            }
        ],
        [
            -1,
            {
                "___cmdID": "94768687222_0.11439380368686392"
            }
        ],
        [
            2,
            {
                "___cmdID": "94768687222_0.5494014861010184"
            }
        ],
        [
            -1,
            {
                "___cmdID": "94768687222_0.9389551095337083"
            }
        ],
        [
            2,
            {
                "___cmdID": "94768687222_0.5997623285042006"
            }
        ],
        [
            -1,
            {
                "___cmdID": "94768687222_0.5230227005432884"
            }
        ],
        [
            2,
            {
                "___cmdID": "94768687222_0.6512636546543324"
            }
        ],
        [
            -1,
            {
                "___cmdID": "94768686601_0.18001204810095928"
            }
        ]
    ],
    "id": 14016
}